{
    "prepare_queue": {
        "installed": [],
        "uninstalled": []
    },
    "config_munge": {
        "files": {
            "res/xml/config.xml": {
                "parents": {
                    "/*": [
                        {
                            "xml": "<feature name=\"CorHttpd\"><param name=\"android-package\" value=\"com.rjfun.cordova.httpd.CorHttpd\" /></feature>",
                            "count": 1
                        },
                        {
                            "xml": "<feature name=\"Whitelist\"><param name=\"android-package\" value=\"org.apache.cordova.whitelist.WhitelistPlugin\" /><param name=\"onload\" value=\"true\" /></feature>",
                            "count": 1
                        }
                    ]
                }
            },
            "AndroidManifest.xml": {
                "parents": {
                    "/*": [
                        {
                            "xml": "<uses-permission android:name=\"android.permission.INTERNET\" />",
                            "count": 1
                        },
                        {
                            "xml": "<uses-permission android:name=\"android.permission.ACCESS_NETWORK_STATE\" />",
                            "count": 1
                        }
                    ]
                }
            }
        }
    },
    "installed_plugins": {
        "cordova-plugin-httpd": {
            "PACKAGE_NAME": "io.cordova.hellocordova"
        },
        "cordova-plugin-whitelist": {
            "PACKAGE_NAME": "io.cordova.hellocordova"
        }
    },
    "dependent_plugins": {},
    "modules": [
        {
            "id": "cordova-plugin-httpd.CorHttpd",
            "file": "plugins/cordova-plugin-httpd/www/CorHttpd.js",
            "pluginId": "cordova-plugin-httpd",
            "clobbers": [
                "cordova.plugins.CorHttpd"
            ]
        }
    ],
    "plugin_metadata": {
        "cordova-plugin-httpd": "0.9.3",
        "cordova-plugin-whitelist": "1.3.2"
    }
}