{
    "prepare_queue": {
        "installed": [],
        "uninstalled": []
    },
    "config_munge": {
        "files": {
            "config.xml": {
                "parents": {
                    "/*": [
                        {
                            "xml": "<feature name=\"CorHttpd\"><param name=\"ios-package\" value=\"CorHttpd\" /></feature>",
                            "count": 1
                        }
                    ]
                }
            }
        }
    },
    "installed_plugins": {
        "cordova-plugin-httpd": {
            "PACKAGE_NAME": "io.cordova.hellocordova"
        },
        "cordova-plugin-whitelist": {
            "PACKAGE_NAME": "io.cordova.hellocordova"
        }
    },
    "dependent_plugins": {},
    "modules": [
        {
            "id": "cordova-plugin-httpd.CorHttpd",
            "file": "plugins/cordova-plugin-httpd/www/CorHttpd.js",
            "pluginId": "cordova-plugin-httpd",
            "clobbers": [
                "cordova.plugins.CorHttpd"
            ]
        }
    ],
    "plugin_metadata": {
        "cordova-plugin-httpd": "0.9.3",
        "cordova-plugin-whitelist": "1.3.2"
    }
}